full name,phone,email,age,experience,yearly income,has children,license states,expiration date,license number
,+16894721039,tal@ogtij.ni,39,18,$5664,true,MT,2026-02-18,93o9u5
Jayden Stokes,+19136497138,oveono@hafpig.mp,19,-2,$3093.15,true,WY,2047-05-16,89r609
Jose Nguyen,+14659969943,,34,13,$492.13,false,IL,2030-04-29,g14u04
 Bessie Chavez,13505552304,sabmika@gup.ai,-42,7,$1222.83,false,IA,2040-09-05,451f99
Andrew Webb,17642031708,cuzefjov@ose.ae,38,17,$3222,,ND,04/25/2027,3x478d
Michael Figueroa,+11741435474,acuib@ikamukvuh.bw,56,35,$5911.6,false,DE,09/26/2021,90s018
Lizzie Sanchez,+11741435474,dehtedca@vaza.fr,54,38,$1167.71,tru,Nevada,04/17/2039,76xk87
Kyle Hughes,+18012877686,opatummiw@denakip.to,30.5,23,$2863.01,false,AL,12/23/2035,13ed44
Sophie Rodriquez,+17305528883,akufecel@ber.hu,25,4,$6506.41,true,NY,1/2/2026,5510d0
    Della Bowen,8112987187,gobut@polecfam.la,25,4,$3230.76,true,MT,09/22/2030,924li0
Tyler Hanson,11466383311,ricebej@okeeta.ch,24,9,$7740.43,false,WI,10/31/2021,4m52
Jane Gregory,14115012501,vafos@viski.mm,0,-21,$3054.91,true,SC,07/14/2019,q6105f
 Minerva Thompson,+12450449464,uvu@ceigaip.gov,28,7,$6257.97,true,NM,09/15/2019,i401o2
Leona Morales,+12877711124,otmog@usatu.edu,24,3,$9113.37,false,UT,08/16/2026,97mely
  Gavin Ellis,+126840791,gan@uto.eh,59,38,$6107.44,false,VT,12/11/2034,ey8@s13
Victor Sparks,12560512985,tu@notat.sv,27,6,$1023.05,false,VA,04/30/2017,d9n95i
Genevieve Soto,+11071386986,tu@notat.sv,30,7,$4437.14,true,HI,05/21/2023,7l0860
Willie Boone,15585515308,mawwozudo@aberugaf.hn,28,7,$2624,false,TX,10/24/2038,8ii3t9
John Guerrero,15585515308,gurjog@keokusak,40,19,$154.90,true,Utah,2/9/2018,cd8li0
Elizabeth Newman,19316873015,ime@muuj.eg,60,39,$9845.24,true,IN,10/21/2040,8085ed
Amy Parsons,+19013052254,cuj@wocnej.re,28,13,$605.73,true,NM,09/24/2017,b55364
Gregory Howard,18928526328,,57,36,$5653.14,true,NJ,01/22/2017,8x33k3
Jacob Parker,+11422305537,ka@eli.gn,24,3,$697.80,true,IL,10/27/2019,0d9367
Johnny Richards,19388279741,enapeg@aki.lb,61,40,$3721.47,false,OK,11/20/2033,0e6n76
Alexander Sherman,4915007040,de@uj.ni,61,30,$920.35,false,NC|NY|GA,09/25/2016,10d062
Julian Houston,+14322337946,fowehpu@jesne.nc,20,-1,$9870.2,true,OK,3/2/2019,92gb20
Gavin Martinez,+18989985345,ka@sic.pn,50,12,$2372.70,false,MN,09/26/2032,5210kp
Ellen Olson,+12944747849,ka@sic.pn,61,40,$9342.15,false,TN,09/26/2033,036m33
Jennie Ball,19717427278,avo@weboke.uy,49,28,$7229.64,true,IN,2074/02/13,80t1k3
Henry Duncan,12570536414,uha@sizfovam.am,48,27,$276.62,true,AZ,2041/08/24,4ai8h9
Alexander Clayton,1469485904,sundab@va.si,25,4,$8829.78,true,NE,01/24/2021,h2n41m
Ida Pierce,+16149991895,opini@kac.ma,55,34,$1352.67,false,VT,3/10/2027,1xy31l
 Rodney Fleming,17662078979,vewujet@gifmuope.vn,64,43,$425.17,true,FL|MN,10/14/2035,68m4o7
Antonio Cox ,17662078979,mabhowvol@nuf.mm,49,28,$1007026.49,false,SC,07/24/2033,t15o07
 Brent Hamilton,3226573796,ti@sawib.si,22,1,$8492.03,false,RI,10/16/2022,hah518
Randall Page,+19659241922,ti@SAwib.si,49,28,$4770.17,true,RI,10/22/2023,8cy274
Wesley Strickland,15771887516,ev@lipras.tk,29,8,$4915.37,true,VT,8/3/2020,53p82g
Tyler Lee,14554154754,becbit@nawbuv.km,32,19,$2248.69,true,CT,12/28/2031,85kov2
Marion Kennedy,+155871115,mirniir@guteka.bn,51,28.9,$5804.03,true,AL,03/25/2018,fod3qj
Derek Cook,+12324906282,ko@eko.ai,58,37,$4445.36,false,Colorado,10/26/2031,d996xe
   Martha Jennings,16307961518,kijfafago@pabci.gm,44,23,$5928.97,false,ND,05/31/2020,06q5x6
Frances Boone,+14750065321,tukbu@avu.gi,48,27,$6878.46,false,CA,03/31/2019,7047fh
Pauline Henry,+16632089707,vukkut@dotiet.uz,29,18,$3227.29,false,IL,01/15/2017,0l2ak2
Ricardo Gilbert,761181238,idomu@munzo.sz,59,38,$1343.90,true,NV,2038-10-29,50b855
  Jesse Mendoza,19797342807,vujjiznu@kacak.et,24,3,$5749.40,false,SC,2030-11-06,b728f8
Rhoda Peterson,12522391815,vujjiznu@kacak.et,45,24,$1484.14,true,DE,2097-04-21,58y0rt
Steven Allen,+12034454833,mammes@serto.ki,47,6,$1435.05,false,CO|MD,2052-03-31,0y4081
Betty Evans,18668326265,arose@huner.hm,41,25,$8716.08,true,MD,11/28/2021,g9434
Belle Ferguson,+11464690102,ge@ihuhe.sg,57,36,$7890.26,false,GA,8/8/2027,a6082k
Viola Hughes,+18845264979,huc@kif.cv,55,34,$1006814.41,true,GA,11/2/2024,a85084

